templo,templo.adress,bicipark.station,bicipark.address,distance
Basílica Jesús de Medinaceli,PLAZA JESUS 2,Bicipark Canalejas,-,532.0339313820409
Basílica La Milagrosa,CALLE GARCIA DE PAREDES 45,Bicipark Almagro,"Calle Almagro, 11",748.6435376753477
Basílica Pontificia de San Miguel,CALLE SAN JUSTO 4,Bicipark Canalejas,-,954.4967239601834
Capilla Nuestra Señora de la Bien Aparecida,CALLE PIO BAROJA 2,Bicipark Montalban,"Calle de Montalbán, 5",1401.9694096828275
Capilla de San Ignacio de los Vascos,CALLE PRINCIPE 31,Bicipark Canalejas,-,389.64525900113375
Capilla de San Isidro,CALLE AGUILA 1,Bicipark Canalejas,-,1366.8987856797846
Catedral Santa María la Real de la Almudena,CALLE BAILEN 10,Bicipark Canalejas,-,1232.3940252763084
Concepción Real de Calatrava,CALLE ALCALA 25,Bicipark Canalejas,-,69.46920056522669
Convento de Santa Teresa y San José (Carmelitas Descalzos),PLAZA ESPAÑA 14,Bicipark Canalejas,-,1399.6764923220271
Convento de las Comendadoras de Santiago,PLAZA COMENDADORAS 10,Bicipark Villa de Paris,"Calle de Orellana, 23, 21",1309.4136313116783
Ermita Virgen del Puerto,PASEO VIRGEN DEL PUERTO 4,Bicipark Canalejas,-,1857.1491555290393
Ermita de San Isidro,PASEO ERMITA DEL SANTO 72,Bicipark Canalejas,-,2932.0362510550435
Fuente de San Isidro,PASEO ERMITA DEL SANTO 72,Bicipark Canalejas,-,2932.0362510550435
Iglesia Catedral de las Fuerzas Armadas,CALLE SACRAMENTO 11,Bicipark Canalejas,-,1133.694492822798
Iglesia Convento del Santísimo Cristo del Pardo,PISTA CRISTO DE EL PARDO 11,Bicipark Pitis,"Calle Pau Arroyo del Fresno, 181",5994.691063512375
Iglesia Cristo Rey de Argüelles,CALLE MARTIN DE LOS HEROS 91,Bicipark Almagro,"Calle Almagro, 11",2320.4875539773943
Iglesia Esclavas del Sagrado Corazón de Jesús,PASEO GENERAL MARTINEZ CAMPOS 10,Bicipark Almagro,"Calle Almagro, 11",626.0505133858817
Iglesia Madres Dominicas (Monasterio Santo Domingo el Real),CALLE CLAUDIO COELLO 112,Bicipark Salamanca,Pl. del Marqués de Salamanca,776.296736482107
Iglesia Nuestra Señora de Lourdes y San Justino. Iglesia de la Renovación Carismática,CALLE SAN JUAN DE MATA 30,Bicipark Aviación,Parking Aviación Española,3162.3471084182816
Iglesia Nuestra Señora de Montserrat,CALLE SAN BERNARDO 79,Bicipark Villa de Paris,"Calle de Orellana, 23, 21",1111.809484634167
Iglesia Nuestra Señora de la Paz,CALLE DOCTOR ESQUERDO 44,Bicipark Salamanca,Pl. del Marqués de Salamanca,1367.5638163598446
Iglesia San Antonio de los Alemanes,CALLE CORREDERA BAJA DE SAN PABLO 16,Bicipark Canalejas,-,638.5220487611093
Iglesia San José de la Montaña,CALLE FERNANDEZ DE LA HOZ 16,Bicipark Almagro,"Calle Almagro, 11",200.97280935003837
Iglesia San Pedro el Viejo,CALLE NUNCIO 14,Bicipark Canalejas,-,1029.777742613885
Iglesia de María Reina,CALLE PICO DE LA MALICIOSA 9,Bicipark Montalban,"Calle de Montalbán, 5",3947.0837376672957
Iglesia de Nuestra Señora de las Maravillas,CALLE DOS DE MAYO 11,Bicipark Villa de Paris,"Calle de Orellana, 23, 21",897.4421943089026
Iglesia de San Antón,CALLE HORTALEZA 63,Bicipark Villa de Paris,"Calle de Orellana, 23, 21",440.6360309671591
Iglesia de San Felipe Neri,CAMINO VALDERRIBAS 39,Bicipark Montalban,"Calle de Montalbán, 5",2960.2455378875693
Iglesia de la Santísima Trinidad (Trinitarios),CALLE ECHEGARAY 30,Bicipark Canalejas,-,407.7776262720293
Iglesia del Espíritu Santo,CALLE SERRANO 125,Bicipark Orense,"Avenida General Perón, 27",1391.1823936972733
Iglesia del Santo Niño del Remedio,CALLE DONADOS 6,Bicipark Canalejas,-,748.7183489760043
Monasterio de Nuestra Señora de las Maravillas (Carmelitas Calzadas de la antigua observancia),CALLE PRINCIPE DE VERGARA 23,Bicipark Salamanca,Pl. del Marqués de Salamanca,546.1969211367377
Monasterio de San Plácido (Benedictinas),CALLE SAN ROQUE 9,Bicipark Canalejas,-,702.8546453595648
Monasterio de la Inmaculada y San Pascual (Clarisas),PASEO RECOLETOS 11,Bicipark Recoletos,"Paseo de Recoletos, 2",102.04375635478266
Monasterio de la Santísima Trinidad y de San Ildefonso (Trinitarias),CALLE LOPE DE VEGA 18,Bicipark Canalejas,-,483.1622987996896
Monasterio del Corpus Christi (Jerónimas 'Carboneras'),PLAZA CONDE DE MIRANDA 3,Bicipark Canalejas,-,943.1230040367104
Nuestra Señora de la Merced - Parroquia personal de habla inglesa,CALLE MAURICIO LEGENDRE 10,Bicipark Recuerdo,"Calle Hiedra, 26",604.6718856853245
Oratorio San Felipe Neri,CALLE ANTONIO ARIAS 17,Bicipark Montalban,"Calle de Montalbán, 5",1654.328211962665
Oratorio de la Hospitalidad de Nuestra Señora de Lourdes,CALLE FORTUNY 21,Bicipark Almagro,"Calle Almagro, 11",163.93063246211813
Parroquia Ascensión del Señor,CALLE VIA CARPETANA 105,Bicipark Aviación,Parking Aviación Española,3999.1423606576855
Parroquia Asunción de Nuestra Señora. Calle Gabriel y Galán,CALLE GABRIEL Y GALAN 17,Bicipark Orense,"Avenida General Perón, 27",2145.6956666502397
Parroquia Asunción de Nuestra Señora. Calle Pérez de Victoria,CALLE PEREZ DE VICTORIA 9,Bicipark Pitis,"Calle Pau Arroyo del Fresno, 181",6523.945377695205
Parroquia Bautismo del Señor,CALLE GAVILANES 11,Bicipark Pitis,"Calle Pau Arroyo del Fresno, 181",2322.6880272863887
Parroquia Beata María Ana Mogas,CALLE BELLA ALTISIDORA 6,Bicipark Pitis,"Calle Pau Arroyo del Fresno, 181",2825.1289855342993
Parroquia Beata María Ana de Jesús,CALLE GUILLERMO DE OSMA 10,Bicipark Canalejas,-,2651.1436288849227
Parroquia Buen Pastor,AVENIDA PARQUE DE PALOMERAS BAJAS 22,Bicipark Montalban,"Calle de Montalbán, 5",5380.312541154352
Parroquia Castrense Santa María de la Dehesa,AVENIDA ARQUEROS 19,Bicipark Aviación,Parking Aviación Española,824.8417983901389
Parroquia Concepción de Nuestra Señora,CALLE GOYA 26,Bicipark Salamanca,Pl. del Marqués de Salamanca,648.7008275320452
Parroquia Cristo Resucitado,CALLE CEBREROS 56,Bicipark Aviación,Parking Aviación Española,3839.0491201188106
Parroquia Cristo Rey de Usera,CALLE AMOR HERMOSO 15,Bicipark Canalejas,-,3480.9163817875624
Parroquia Cristo Sacerdote,CALLE LOPEZ DE ARANDA 52,Bicipark Salamanca,Pl. del Marqués de Salamanca,4212.480679407934
Parroquia Cristo Salvador,CALLE CARACOLI 1,Bicipark Fuente de la Mora,Estación de Fuente de la Mora,2581.2369726930815
Parroquia Cristo de la Paz,CALLE PORTALEGRE 8,Bicipark Canalejas,-,3736.1685944242613
Parroquia Crucifixión del Señor,CALLE CUART DE POBLET 11,Bicipark Aviación,Parking Aviación Española,3661.9945802014045
Parroquia Divino Salvador,AVENIDA SANTUARIO DE VALVERDE 37,Bicipark Pitis,"Calle Pau Arroyo del Fresno, 181",2450.923591568774
Parroquia Dulce Nombre de María,CALLE SAN FLORENCIO 1,Bicipark Montalban,"Calle de Montalbán, 5",2991.665344144554
Parroquia El Salvador y San Nicolás,CALLE ATOCHA 58,Bicipark Canalejas,-,639.5615059549624
Parroquia Encarnación del Señor,CALLE HERMANOS GARCIA NOBLEJAS 49,Bicipark Salamanca,Pl. del Marqués de Salamanca,4016.4163396546496
Parroquia Epifanía del Señor,CALLE NUESTRA SEÑORA DE LA LUZ 64,Bicipark Aviación,Parking Aviación Española,3032.5849820140493
Parroquia Espíritu Santo,CALLE RICARDO ORTIZ 1,Bicipark Salamanca,Pl. del Marqués de Salamanca,1839.6725342784966
Parroquia Espíritu Santo y Nuestra Señora de la Araucana,CALLE PUERTO RICO 29,Bicipark Orense,"Avenida General Perón, 27",1697.3036057757918
Parroquia Hispanoamericana de la Merced,CALLE EDGAR NEVILLE 23,Bicipark Orense,"Avenida General Perón, 27",470.59886455302035
Parroquia Inmaculada Concepción (El Pardo),CALLE MANUEL ALONSO  sin número,Bicipark Pitis,"Calle Pau Arroyo del Fresno, 181",5188.076042799686
Parroquia Inmaculado Corazón de María,CALLE FERRAZ 74,Bicipark Canalejas,-,2103.9242930905607
Parroquia Jesús Obrero,CALLE CASTILLO DE UCLES 26,Bicipark Salamanca,Pl. del Marqués de Salamanca,4559.180674738182
Parroquia Jesús de Nazaret,CALLE CUEVAS DEL ALMANZORA 18,Bicipark Fuente de la Mora,Estación de Fuente de la Mora,953.0706041894717
Parroquia Jesús y María,CALLE MAQUEDA 129,Bicipark Aviación,Parking Aviación Española,1973.2408376092621
Parroquia La Cena del Señor,CALLE ANTONIO MACHADO 24,Bicipark Orense,"Avenida General Perón, 27",2694.656927998937
Parroquia Los Doce Apóstoles,CALLE VELAZQUEZ 88,Bicipark Salamanca,Pl. del Marqués de Salamanca,407.86989070706085
Parroquia Madre del Buen Pastor,CALLE SAN MARIO 81,Bicipark Montalban,"Calle de Montalbán, 5",4645.401297908502
Parroquia María Auxiliadora,RONDA ATOCHA 25,Bicipark Canalejas,-,1276.1709641378663
Parroquia María Inmaculada y Santa Vicenta,AVENIDA BRASIL 25,Bicipark Orense,"Avenida General Perón, 27",616.7976556257983
Parroquia María Madre del Amor Hermoso,CALLE VICENTE CARBALLAL 11,Bicipark Montalban,"Calle de Montalbán, 5",7236.090742096118
Parroquia María Mediadora,AVENIDA RAFAEL ALBERTI 25,Bicipark Montalban,"Calle de Montalbán, 5",5500.028949222591
Parroquia María Reina y San Buenaventura,CALLE LOPEZ GRASS 44,Bicipark Montalban,"Calle de Montalbán, 5",3527.955321499392
Parroquia María Virgen Madre,AVENIDA MACHUPICHU 50,Bicipark Fuente de la Mora,Estación de Fuente de la Mora,3773.024587071252
Parroquia Natividad de Nuestra Señora,CALLE MARROQUINA 41,Bicipark Salamanca,Pl. del Marqués de Salamanca,3574.08609596512
Parroquia Nuestra Madre del Dolor,AVENIDA TOREROS 45,Bicipark Salamanca,Pl. del Marqués de Salamanca,1088.5996162616457
Parroquia Nuestra Señora Flor del Carmelo,AVENIDA EL FERROL 49,Bicipark Recuerdo,"Calle Hiedra, 26",2389.7202554964306
Parroquia Nuestra Señora Reina del Cielo,PASAJE CAN MENOR 5,Bicipark Montalban,"Calle de Montalbán, 5",2121.200487275769
Parroquia Nuestra Señora de Altagracia,CALLE AZUAGA 15,Bicipark Orense,"Avenida General Perón, 27",1908.4327227371239
Parroquia Nuestra Señora de Aránzazu,CALLE JOSE ROMERO 5,Bicipark Orense,"Avenida General Perón, 27",1604.5004001535845
Parroquia Nuestra Señora de Begoña,CALLE MARCOS DE ORUETA 15 C,Bicipark Recuerdo,"Calle Hiedra, 26",1542.6279020167806
Parroquia Nuestra Señora de Belén,CALLE CORREGIDOR RODRIGO RODRIGUEZ 12,Bicipark Montalban,"Calle de Montalbán, 5",2967.254029038792
Parroquia Nuestra Señora de Covadonga,CALLE FRANCISCO SILVELA 2,Bicipark Salamanca,Pl. del Marqués de Salamanca,868.0773100559638
Parroquia Nuestra Señora de Europa,PASEO JUAN ANTONIO VALLEJO-NAJERA BOTAS 23,Bicipark Canalejas,-,1916.974129255081
Parroquia Nuestra Señora de Guadalupe,CALLE PUERTO RICO 1,Bicipark Orense,"Avenida General Perón, 27",1631.554230524116
Parroquia Nuestra Señora de Loreto,CALLE ALAS 21,Bicipark Fuente de la Mora,Estación de Fuente de la Mora,6875.347481259709
Parroquia Nuestra Señora de Luján,CALLE PONFERRADA 49,Bicipark Pitis,"Calle Pau Arroyo del Fresno, 181",2438.9555545708204
Parroquia Nuestra Señora de Madrid,PASEO CASTELLANA 207,Bicipark Recuerdo,"Calle Hiedra, 26",894.3543524100662
Parroquia Nuestra Señora de Moratalaz,CALLE ENTRE ARROYOS 19,Bicipark Salamanca,Pl. del Marqués de Salamanca,3191.014790412732
Parroquia Nuestra Señora de Sonsoles,CALLE TIMOTEO DOMINGO 38,Bicipark Salamanca,Pl. del Marqués de Salamanca,2953.42071446429
Parroquia Nuestra Señora de la Aurora y Santo Ángel,CALLE GREGORIO SANZ 8,Bicipark Montalban,"Calle de Montalbán, 5",3440.7925372154195
Parroquia Nuestra Señora de la Concepción (Pueblo Nuevo),CALLE ARTURO SORIA 5,Bicipark Salamanca,Pl. del Marqués de Salamanca,3545.209192303105
Parroquia Nuestra Señora de la Consolación,CALLE JUAN ESPLANDIU 2,Bicipark Salamanca,Pl. del Marqués de Salamanca,1992.8769400493914
Parroquia Nuestra Señora de la Estrella,CALLE LIRA 4,Bicipark Montalban,"Calle de Montalbán, 5",2108.3731728053867
Parroquia Nuestra Señora de la Fuencisla,PLAZA ANGELICA SE&amp;Ntilde;ORA 1,Bicipark Canalejas,-,3829.68737206745
Parroquia Nuestra Señora de la Granada,CALLE VILLASILOS 3,Bicipark Salamanca,Pl. del Marqués de Salamanca,4366.183282856411
Parroquia Nuestra Señora de la Guía,CALLE CONDE DE TORRALBA 18,Bicipark Recuerdo,"Calle Hiedra, 26",726.406715617893
Parroquia Nuestra Señora de la Luz,CALLE FERNAN NUÑEZ 4,Bicipark Recuerdo,"Calle Hiedra, 26",1937.4899633438472
Parroquia Nuestra Señora de la Merced,CALLE CORREGIDOR JUAN FRANCISCO DE LUJAN 101,Bicipark Montalban,"Calle de Montalbán, 5",4259.317003957223
Parroquia Nuestra Señora de la Misericordia,CALLE ARROYO DEL OLIVAR 100,Bicipark Montalban,"Calle de Montalbán, 5",4126.773888513197
Parroquia Nuestra Señora de la Montaña,CALLE CORREGIDOR JOSE DE PASAMONTE 15,Bicipark Salamanca,Pl. del Marqués de Salamanca,3411.4098804596456
Parroquia Nuestra Señora de la Palabra,CALLE VALDEBERNARDO 29,Bicipark Salamanca,Pl. del Marqués de Salamanca,5114.819769336101
Parroquia Nuestra Señora de la Paz,CALLE VALDERRIBAS 37,Bicipark Montalban,"Calle de Montalbán, 5",1926.525140035443
Parroquia Nuestra Señora de la Peña y San Felipe Neri,CALLE PUERTO DE CANFRANC 19,Bicipark Montalban,"Calle de Montalbán, 5",3280.692780994533
Parroquia Nuestra Señora de la Piedad,CALLE ANTONIO FOLGUERAS 24,Bicipark Montalban,"Calle de Montalbán, 5",4039.6875916641425
Parroquia Nuestra Señora de la Soledad,CALLE VISITACION 1,Bicipark Canalejas,-,3894.4737767648235
Parroquia Nuestra Señora de la Vega,CALLE CHANTADA 28,Bicipark Pitis,"Calle Pau Arroyo del Fresno, 181",2716.2383122651395
Parroquia Nuestra Señora de las Américas,CALLE ESPIREA 1 y 3,Bicipark Fuente de la Mora,Estación de Fuente de la Mora,5324.040839318283
Parroquia Nuestra Señora de las Angustias,CALLE RAFAEL DE RIEGO 16,Bicipark Montalban,"Calle de Montalbán, 5",1518.6175014484056
Parroquia Nuestra Señora de las Delicias,PASEO DELICIAS 61,Bicipark Montalban,"Calle de Montalbán, 5",1999.2628254691135
Parroquia Nuestra Señora de las Fuentes,CALLE VILLA DE MARIN 39,Bicipark Recuerdo,"Calle Hiedra, 26",1835.5013937041294
Parroquia Nuestra Señora de las Nieves,CALLE NURIA 47,Bicipark Pitis,"Calle Pau Arroyo del Fresno, 181",1759.009077867437
Parroquia Nuestra Señora de las Rosas,CALLE SUECIA 44 PLANTA 3ª C,Bicipark Salamanca,Pl. del Marqués de Salamanca,6424.093968379348
Parroquia Nuestra Señora de las Victorias,CALLE AZUCENAS 34,Bicipark Orense,"Avenida General Perón, 27",1322.1730983028322
Parroquia Nuestra Señora de los Apóstoles,CALLE LUIS DE HOYOS SAINZ 94 BIS,Bicipark Salamanca,Pl. del Marqués de Salamanca,4668.680095341277
Parroquia Nuestra Señora de los Desamparados y San Lucas,PLAZA PINAZO 8,Bicipark Canalejas,-,8372.957327802276
Parroquia Nuestra Señora de los Dolores,CALLE SAN BERNARDO 103,Bicipark Almagro,"Calle Almagro, 11",1070.5614849099316
Parroquia Nuestra Señora de los Álamos,CALLE LEON FELIPE 1,Bicipark Montalban,"Calle de Montalbán, 5",5591.4084605051785
Parroquia Nuestra Señora de los Ángeles,CALLE BRAVO MURILLO 93,Bicipark Orense,"Avenida General Perón, 27",1178.8082270362802
Parroquia Nuestra Señora de África,CALLE ALGORTA 14,Bicipark Canalejas,-,3850.420563057873
Parroquia Nuestra Señora del Aire,CALLE GENERAL MILLAN ASTRAY 72,Bicipark Aviación,Parking Aviación Española,1873.5490192858429
Parroquia Nuestra Señora del Buen Consejo y San Isidro,CALLE TOLEDO 37,Bicipark Canalejas,-,860.3218859162633
Parroquia Nuestra Señora del Buen Suceso,CALLE PRINCESA 43,Bicipark Canalejas,-,1888.7655126262282
Parroquia Nuestra Señora del Camino,CALLE FENELON 20,Bicipark Salamanca,Pl. del Marqués de Salamanca,5673.5526843782845
Parroquia Nuestra Señora del Carmen (El Plantío),AVENIDA VICTORIA 51,Bicipark Pitis,"Calle Pau Arroyo del Fresno, 181",9267.066838393457
Parroquia Nuestra Señora del Carmen y San Luis Obispo,CALLE CARMEN 10,Bicipark Canalejas,-,392.0213982081057
Parroquia Nuestra Señora del Consuelo,CALLE CLEOPATRA 13,Bicipark Montalban,"Calle de Montalbán, 5",4901.375694201286
Parroquia Nuestra Señora del Encuentro,CALLE PEDRO BARREDA 22,Bicipark Orense,"Avenida General Perón, 27",1161.777596988406
Parroquia Nuestra Señora del Espino y Nuestra Señora de Madrid,CALLE CONDE DE SERRALLO 17,Bicipark Recuerdo,"Calle Hiedra, 26",1271.892436561516
Parroquia Nuestra Señora del Henar,CALLE AGUSTIN DURAN 20,Bicipark Salamanca,Pl. del Marqués de Salamanca,838.0207114418589
Parroquia Nuestra Señora del Perpetuo Socorro,CALLE MANUEL SILVELA 14,Bicipark Almagro,"Calle Almagro, 11",514.324977828824
Parroquia Nuestra Señora del Pilar. (Campamento),PLAZA PATRICIO MARTINEZ 5,Bicipark Aviación,Parking Aviación Española,1834.7170825711094
Parroquia Nuestra Señora del Pilar. Calle Juan Bravo,CALLE JUAN BRAVO 40 bis,Bicipark Salamanca,Pl. del Marqués de Salamanca,247.1869319631509
Parroquia Nuestra Señora del Pino,CALLE DOROTEO LABORDA 8,Bicipark Aviación,Parking Aviación Española,7420.602269764686
Parroquia Nuestra Señora del Puig y San Timoteo,CALLE SIERRA DE GREDOS 26,Bicipark Montalban,"Calle de Montalbán, 5",6953.4792836276965
Parroquia Nuestra Señora del Recuerdo,CALLE ARGENTA 8,Bicipark Salamanca,Pl. del Marqués de Salamanca,5452.364008141138
Parroquia Nuestra Señora del Rosario,PLAZA FRANCISCANOS 3,Bicipark Aviación,Parking Aviación Española,3666.1459817101413
Parroquia Nuestra Señora del Rosario de Filipinas,CALLE CONDE DE PE&amp;Ntilde;ALVER 40,Bicipark Salamanca,Pl. del Marqués de Salamanca,363.60707773138836
Parroquia Nuestra Señora del Rosario de Fátima,CALLE ALCALA 292,Bicipark Salamanca,Pl. del Marqués de Salamanca,2412.7882218835794
Parroquia Nuestra Señora del Sagrado Corazón,AVENIDA PIO XII 29,Bicipark Recuerdo,"Calle Hiedra, 26",1030.5597906900198
Parroquia Nuestra Señora del Sagrario,CALLE EL SIGLO FUTURO 14,Bicipark Aviación,Parking Aviación Española,3335.956875394319
Parroquia Nuestra Señora del Santísimo Sacramento,CALLE CLARA DEL REY 38,Bicipark Salamanca,Pl. del Marqués de Salamanca,1780.8845846789593
Parroquia Nuestra Señora del Tránsito,CARRETERA CANILLAS 40,Bicipark Recuerdo,"Calle Hiedra, 26",2616.9855436766065
Parroquia Nuestra Señora del Valle,CALLE VALDERRIBAS 72,Bicipark Montalban,"Calle de Montalbán, 5",2492.2564244356627
Parroquia Padre Nuestro,AVENIDA CANTABRIA 4,Bicipark Fuente de la Mora,Estación de Fuente de la Mora,7230.950405289964
Parroquia Patrocinio de San José,CALLE PEDRO LABORDE 78,Bicipark Montalban,"Calle de Montalbán, 5",4994.8393909543465
Parroquia Preciosa Sangre,CALLE GRAN AVENIDA  s/n,Bicipark Canalejas,-,5417.6652632437435
Parroquia Presentación de Nuestra Señora,CALLE CORREGIDOR DIEGO DE VALDERRABANO 62,Bicipark Salamanca,Pl. del Marqués de Salamanca,2772.459924376712
Parroquia Purificación de Nuestra Señora,CALLE EDUARDO UROSA 5,Bicipark Aviación,Parking Aviación Española,3476.1957501656157
Parroquia Purísimo Corazón de María,CALLE EMBAJADORES 81,Bicipark Canalejas,-,1739.1517371011325
Parroquia Resurrección del Señor,CALLE ESCALONILLA 26,Bicipark Aviación,Parking Aviación Española,3927.2209608711632
Parroquia Sagrada Familia,CALLE ANTONIO TOLEDANO 23,Bicipark Salamanca,Pl. del Marqués de Salamanca,1274.1827484949629
Parroquia Sagrado Corazón de Jesús de Usera,PASEO SANTA MARIA DE LA CABEZA 115,Bicipark Canalejas,-,3155.570704580167
Parroquia Sagrado Corazón de Jesús. Calle General Zabala,CALLE GENERAL ZABALA 10,Bicipark Salamanca,Pl. del Marqués de Salamanca,1500.525494362981
Parroquia Sagrados Corazones,PASEO LA HABANA 31,Bicipark Orense,"Avenida General Perón, 27",723.9726291698026
Parroquia San Agustín,CALLE JOAQUIN COSTA 10,Bicipark Orense,"Avenida General Perón, 27",974.3895310989735
Parroquia San Alberto Magno,CALLE BENJAMIN PALENCIA 9,Bicipark Montalban,"Calle de Montalbán, 5",4249.025794524587
Parroquia San Alejandro,CALLE VIRGEN DE LOURDES 21,Bicipark Salamanca,Pl. del Marqués de Salamanca,1970.8288190090395
Parroquia San Alfonso María de Ligorio,CALLE ESCALONA 109,Bicipark Aviación,Parking Aviación Española,1928.9637012993617
Parroquia San Ambrosio,CALLE RIOJANOS 1,Bicipark Montalban,"Calle de Montalbán, 5",5214.639926003424
Parroquia San Andrés Apóstol. Calle Oxígeno,CALLE OXIGENO 15,Bicipark Aviación,Parking Aviación Española,7799.584886132105
Parroquia San Andrés Apóstol. Plaza San Andrés,PLAZA SAN ANDRES 1,Bicipark Canalejas,-,1154.869372872158
Parroquia San Antonio,CALLE BRAVO MURILLO 150,Bicipark Orense,"Avenida General Perón, 27",827.6159390955772
Parroquia San Antonio María Claret,CALLE CORAZON DE MARIA 1,Bicipark Salamanca,Pl. del Marqués de Salamanca,1269.778559508127
Parroquia San Antonio María Zaccaría,CALLE FUENTE DEL TIRO 27,Bicipark Aviación,Parking Aviación Española,353.47290362756144
Parroquia San Antonio de las Cárcavas,AVENIDA MARUJA MALLO 15,Bicipark Fuente de la Mora,Estación de Fuente de la Mora,2776.79550934411
Parroquia San Antonio del Retiro,CALLE DUQUE DE SESTO 9,Bicipark Salamanca,Pl. del Marqués de Salamanca,861.7655541043983
Parroquia San Bartolomé,CALLE GUETARIA 1,Bicipark Canalejas,-,5169.466806178099
Parroquia San Basilio el Grande,CALLE FERNANDO POO 36,Bicipark Canalejas,-,2350.9753394548643
Parroquia San Benito Abad,CALLE BESOLLA 7,Bicipark Aviación,Parking Aviación Española,4163.229813424763
Parroquia San Benito Menni,CALLE CATORCE OLIVAS 12,Bicipark Aviación,Parking Aviación Española,4087.04117704111
Parroquia San Bernabé,CALLE SAN FELIU DE GUIXOLS 9,Bicipark Montalban,"Calle de Montalbán, 5",4762.128440673283
Parroquia San Blas,CALLE ALCONERA 1,Bicipark Salamanca,Pl. del Marqués de Salamanca,5209.583361878613
Parroquia San Bonifacio,CALLE BREMEN 2,Bicipark Salamanca,Pl. del Marqués de Salamanca,1438.9214688961936
Parroquia San Bruno,CALLE BEATRIZ DE BOBADILLA 3,Bicipark Orense,"Avenida General Perón, 27",1847.0076857382
Parroquia San Camilo de Lelis,CALLE ANOETA 12,Bicipark Canalejas,-,7221.83540664253
Parroquia San Clemente Romano,CALLE COALICION 17,Bicipark Montalban,"Calle de Montalbán, 5",6666.228828556588
Parroquia San Cristóbal,CALLE TRES 2,Bicipark Fuente de la Mora,Estación de Fuente de la Mora,6923.02566386368
Parroquia San Cristóbal y San Rafael,CALLE BRAVO MURILLO 39,Bicipark Almagro,"Calle Almagro, 11",1281.5244768651694
Parroquia San Diego,AVENIDA SAN DIEGO 61,Bicipark Montalban,"Calle de Montalbán, 5",3952.217299669568
Parroquia San Dámaso,CALLE MAURICIO LEGENDRE 10,Bicipark Recuerdo,"Calle Hiedra, 26",604.6718856853245
Parroquia San Eduardo,CALLE GENERAL MARGALLO 6,Bicipark Orense,"Avenida General Perón, 27",932.3172698225699
Parroquia San Eloy,PLAZA DOCTOR BARRAQUER 1,Bicipark Pitis,"Calle Pau Arroyo del Fresno, 181",1739.202565709662
Parroquia San Emilio,TRAVESIA JOSE NORIEGA 4,Bicipark Salamanca,Pl. del Marqués de Salamanca,2075.6144684246974
Parroquia San Estanislao de Kostka,CALLE DOCTOR ESQUERDO 97,Bicipark Salamanca,Pl. del Marqués de Salamanca,1789.6778132967581
Parroquia San Eulogio,CALLE PE&amp;Ntilde;A DE VARGAS 10,Bicipark Montalban,"Calle de Montalbán, 5",7621.4060675831115
Parroquia San Federico,CALLE ALCALDE MARTIN DE ALZAGA 21,Bicipark Orense,"Avenida General Perón, 27",2203.938032573054
Parroquia San Fermín,AVENIDA SAN FERMIN 10,Bicipark Canalejas,-,5210.814918727042
Parroquia San Fermín de los Navarros,PASEO EDUARDO DATO 10,Bicipark Almagro,"Calle Almagro, 11",268.0180803264874
Parroquia San Fernando,AVENIDA ALBERTO ALCOCER 9,Bicipark Orense,"Avenida General Perón, 27",940.4777916756072
Parroquia San Francisco Javier y San Luis Gonzaga,CALLE MARTIRES DE LA VENTILLA 34,Bicipark Recuerdo,"Calle Hiedra, 26",1090.7442410114286
Parroquia San Francisco de Asís,PLAZA CORPUS BARGA 4,Bicipark Montalban,"Calle de Montalbán, 5",3704.755556811258
Parroquia San Francisco de Borja,CALLE SERRANO 104,Bicipark Almagro,"Calle Almagro, 11",707.0785581822297
Parroquia San Francisco de Paula,CALLE RUIDERA 9,Bicipark Montalban,"Calle de Montalbán, 5",4371.48710749272
Parroquia San Francisco de Sales,CALLE FRANCOS RODRIGUEZ 5,Bicipark Orense,"Avenida General Perón, 27",885.4975008323229
Parroquia San Fulgencio y San Bernardo,PASEO SAN ILLAN 9,Bicipark Canalejas,-,2750.9430254793347
Parroquia San Félix,CALLE PUEBLA DE SANABRIA 18,Bicipark Aviación,Parking Aviación Española,7355.425762883769
Parroquia San Gabriel Arcángel,CALLE ISLA DE OZA 49,Bicipark Orense,"Avenida General Perón, 27",2785.908726800212
Parroquia San Gabriel de la Dolorosa,CALLE ARTE 4,Bicipark Fuente de la Mora,Estación de Fuente de la Mora,763.7537239620933
Parroquia San Gerardo María Mayela,CALLE MAQUEDA 45,Bicipark Aviación,Parking Aviación Española,1964.6339254284565
Parroquia San Germán,CALLE SAN GERMAN 26,Bicipark Orense,"Avenida General Perón, 27",407.712207264642
Parroquia San Ginés,CALLE ARENAL 13,Bicipark Canalejas,-,645.635783393292
Parroquia San Gregorio Magno,BULEVAR INDALECIO PRIETO 13,Bicipark Salamanca,Pl. del Marqués de Salamanca,5902.538055254697
Parroquia San Hermenegildo y Santa María de la Cabeza,CALLE FOSFORO 4,Bicipark Canalejas,-,1905.105116683557
Parroquia San Hilario de Poitiers,CALLE LUIS CHAMIZO 7,Bicipark Aviación,Parking Aviación Española,1552.8651756755967
Parroquia San Ignacio de Loyola,CALLE PINOS ALTA 79,Bicipark Recuerdo,"Calle Hiedra, 26",1745.8238197803403
Parroquia San Ildefonso y Santos Justo y Pastor,CALLE COLON 16,Bicipark Canalejas,-,700.1856616814586
Parroquia San Ireneo,CALLE CARLOTA O'NEILL 26,Bicipark Salamanca,Pl. del Marqués de Salamanca,2893.152284836898
Parroquia San Isidoro y San Pedro Claver,CALLE VILLA DE PONS 14,Bicipark Fuente de la Mora,Estación de Fuente de la Mora,1803.3748745698017
Parroquia San Isidro,CALLE PARQUE EUGENIA DE MONTIJO 54 B,Bicipark Aviación,Parking Aviación Española,2795.6970265328227
Parroquia San Jaime,CALLE JUAN JOSE MARTINEZ SECO 54,Bicipark Montalban,"Calle de Montalbán, 5",7404.42027775511
Parroquia San Jenaro,CALLE VITAL AZA 81,Bicipark Salamanca,Pl. del Marqués de Salamanca,3534.2202071161246
Parroquia San Jerónimo el Real (Los Jerónimos),CALLE MORETO 4,Bicipark Montalban,"Calle de Montalbán, 5",421.3856033586242
Parroquia San Joaquín,CALLE AMPOSTA 24,Bicipark Salamanca,Pl. del Marqués de Salamanca,4934.9902501810175
Parroquia San Jorge,CALLE PADRE DAMIAN 22,Bicipark Orense,"Avenida General Perón, 27",689.7361258841444
Parroquia San José,CALLE ALCALA 43,Bicipark Canalejas,-,273.71722133476453
Parroquia San José María Escrivá de Balaguer,CALLE GANIMEDES 19,Bicipark Pitis,"Calle Pau Arroyo del Fresno, 181",6152.804840099145
Parroquia San José María Rubio,AVENIDA BLAS DE LEZO 9,Bicipark Salamanca,Pl. del Marqués de Salamanca,11140.087722648574
Parroquia San José Obrero,CALLE JULIO ANTONIO 3 PLANTA BAJA,Bicipark Aviación,Parking Aviación Española,4536.2221025066865
Parroquia San José de Calasanz,CALLE IMAGEN 12,Bicipark Montalban,"Calle de Montalbán, 5",4249.46138117112
Parroquia San Juan Bautista,CALLE FAUSTINA PEÑALVER 1,Bicipark Recuerdo,"Calle Hiedra, 26",2749.19997264335
Parroquia San Juan Bautista de la Concepción,CALLE CAMARENA 57,Bicipark Aviación,Parking Aviación Española,2718.130337248334
Parroquia San Juan Bosco,CALLE DOCTOR LARRA Y CEREZO  sin número,Bicipark Canalejas,-,3156.152252113011
Parroquia San Juan Crisóstomo,CALLE DOMENICO SCARLATTI 2,Bicipark Orense,"Avenida General Perón, 27",2273.0841580766114
Parroquia San Juan Evangelista,PLAZA VENECIA 1,Bicipark Salamanca,Pl. del Marqués de Salamanca,1858.769271244516
Parroquia San Juan de Dios,CALLE MONTE DE MONTJUICH 19,Bicipark Montalban,"Calle de Montalbán, 5",7687.150562512164
Parroquia San Juan de Mirasierra,CALLE MORALZARZAL 75,Bicipark Pitis,"Calle Pau Arroyo del Fresno, 181",795.9550262368073
Parroquia San Juan de Ribera,CALLE RODRIGUEZ MARIN 57,Bicipark Orense,"Avenida General Perón, 27",1325.3789262822959
Parroquia San Juan de la Cruz,PLAZA SAN JUAN DE LA CRUZ 2,Bicipark Almagro,"Calle Almagro, 11",1193.4146547189873
Parroquia San Juan de Ávila,CALLE FORNILLOS 9,Bicipark Canalejas,-,4041.9046215093103
Parroquia San Leandro,CALLE ESCALONA 59,Bicipark Aviación,Parking Aviación Española,2448.8338891545354
Parroquia San Leopoldo,CALLE SAGRADOS CORAZONES 28,Bicipark Canalejas,-,3704.622538297407
Parroquia San León Magno,CALLE CONCEJAL BENITO MARTIN LOZANO 7,Bicipark Canalejas,-,1629.2369626220266
Parroquia San Lorenzo,CALLE DOCTOR PIGA 2,Bicipark Canalejas,-,1004.9988127792207
Parroquia San Lucas,PLAZA PALOMA DE LA PAZ 1,Bicipark Montalban,"Calle de Montalbán, 5",8369.677840948842
Parroquia San Luis de los Franceses,CALLE LAGASCA 89,Bicipark Salamanca,Pl. del Marqués de Salamanca,514.674975880201
Parroquia San Manuel y San Benito,CALLE ALCALA 83,Bicipark Montalban,"Calle de Montalbán, 5",496.4225625895894
Parroquia San Marcos,CALLE SAN LEONARDO 10,Bicipark Canalejas,-,1258.6043055069226
Parroquia San Martín de Porres,CALLE ABEGONDO 28,Bicipark Fuente de la Mora,Estación de Fuente de la Mora,1425.6224844811668
Parroquia San Mateo,AVENIDA LA VERBENA DE LA PALOMA 16,Bicipark Canalejas,-,6652.043623466369
Parroquia San Matías,PLAZA IGLESIA 2,Bicipark Fuente de la Mora,Estación de Fuente de la Mora,2285.9558465692116
Parroquia San Miguel Arcángel de Carabanchel,CALLE GENERAL RICARDOS 21,Bicipark Canalejas,-,2849.222139205005
Parroquia San Miguel Arcángel de Chamartín,AVENIDA BURGOS 2,Bicipark Recuerdo,"Calle Hiedra, 26",424.3451994399324
Parroquia San Miguel Arcángel de Fuencarral,CALLE ISLAS BERMUDAS 28,Bicipark Fuente de la Mora,Estación de Fuente de la Mora,2374.952611404876
Parroquia San Miguel de los Santos,CALLE LOPEZ DE HOYOS 39,Bicipark Salamanca,Pl. del Marqués de Salamanca,1214.3987082571298
Parroquia San Millán y San Cayetano,CALLE EMBAJADORES 15,Bicipark Canalejas,-,1070.5018778236024
Parroquia San Nicolás de Bari. Personal de Habla Italiana,PLAZA SAN NICOLAS 6,Bicipark Canalejas,-,1076.5305920437308
Parroquia San Pablo,CALLE ESCRITOR 25,Bicipark Montalban,"Calle de Montalbán, 5",4379.057394946534
Parroquia San Pablo de la Cruz,AVENIDA MADROÑOS 40,Bicipark Fuente de la Mora,Estación de Fuente de la Mora,3696.6485075900337
Parroquia San Patricio,CALLE ALEJANDRO GONZALEZ 12,Bicipark Salamanca,Pl. del Marqués de Salamanca,1380.3765995190852
Parroquia San Pedro Advíncula,CALLE SIERRA GORDA 5,Bicipark Montalban,"Calle de Montalbán, 5",7312.884813312014
Parroquia San Pedro Apóstol (Carabanchel),PLAZA SEIS DE DICIEMBRE 1,Bicipark Aviación,Parking Aviación Española,3036.137466352367
Parroquia San Pedro Apóstol. Calle Concejal Tomás Serrano Guío,CALLE CONCEJAL TOMAS SERRANO GUIO 2,Bicipark Fuente de la Mora,Estación de Fuente de la Mora,7288.9784011439515
Parroquia San Pedro Mártir de los Padres Dominicos,AVENIDA BURGOS 204,Bicipark Fuente de la Mora,Estación de Fuente de la Mora,1978.9033650859062
Parroquia San Pedro Nolasco,CALLE DOÑA FRANCISQUITA 27,Bicipark Canalejas,-,6850.971395976862
Parroquia San Pedro Poveda,AVENIDA CAMINO DE SANTIAGO 35,Bicipark Fuente de la Mora,Estación de Fuente de la Mora,2449.2710291590643
Parroquia San Pedro Regalado y San José de Calasanz,PLAZA PE&amp;Ntilde;A GUDINA 1,Bicipark Montalban,"Calle de Montalbán, 5",4176.691211864817
Parroquia San Pío X,CALLE DOCTOR CASAL 9,Bicipark Canalejas,-,3046.788167039993
Parroquia San Rafael Arcángel,CALLE OTERO Y DELAGE 103,Bicipark Pitis,"Calle Pau Arroyo del Fresno, 181",2252.3599095820546
Parroquia San Rafael Arnáiz,CALLE OCTAVIO PAZ 2,Bicipark Fuente de la Mora,Estación de Fuente de la Mora,754.6953495922652
Parroquia San Raimundo de Peñafort,CALLE ESTEBAN CARROS 35,Bicipark Montalban,"Calle de Montalbán, 5",5660.669225246095
Parroquia San Ramón Nonato,CALLE MELQUIADES BIENCINTO 10,Bicipark Montalban,"Calle de Montalbán, 5",2951.5658436888634
Parroquia San Ricardo,CALLE GAZTAMBIDE 22,Bicipark Almagro,"Calle Almagro, 11",1949.935213136729
Parroquia San Romualdo,CALLE ASCAO 30,Bicipark Salamanca,Pl. del Marqués de Salamanca,3273.7333902913656
Parroquia San Roque,CALLE ABOLENGO 10,Bicipark Aviación,Parking Aviación Española,4067.2602226152785
Parroquia San Sebastián,CALLE ATOCHA 39,Bicipark Canalejas,-,506.2095426235053
Parroquia San Sebastián Mártir,PLAZA PARROQUIA 1,Bicipark Aviación,Parking Aviación Española,3619.9374592191434
Parroquia San Simón y San Judas,AVENIDA ORCASUR  sin número,Bicipark Canalejas,-,5266.910117141407
Parroquia San Valentín y San Casimiro,CALLE VILLAJIMENA 75,Bicipark Salamanca,Pl. del Marqués de Salamanca,6702.963883159529
Parroquia San Vicente Ferrer,CALLE IBIZA 43 BIS,Bicipark Salamanca,Pl. del Marqués de Salamanca,1454.3102941733707
Parroquia San Vicente de Paúl,PLAZA SAN VICENTE DE PAUL 1,Bicipark Canalejas,-,4245.14188525566
Parroquia San Víctor,CALLE RAMON GOMEZ DE LA SERNA 101,Bicipark Pitis,"Calle Pau Arroyo del Fresno, 181",1533.7540058511825
Parroquia Santa Adela,CALLE SAN FAUSTINO 6,Bicipark Fuente de la Mora,Estación de Fuente de la Mora,6189.135424357537
Parroquia Santa Ana y La Esperanza,CALLE CAÑADA 35,Bicipark Salamanca,Pl. del Marqués de Salamanca,4005.3670929367822
Parroquia Santa Beatriz,CALLE CONCEJAL FRANCISCO JOSE JIMENEZ MARTIN 130,Bicipark Aviación,Parking Aviación Española,3578.7783752285113
Parroquia Santa Bibiana,CALLE ALCOCER 9,Bicipark Canalejas,-,7505.168392951849
Parroquia Santa Bárbara,CALLE GENERAL CASTA&amp;Ntilde;OS 2,Bicipark Villa de Paris,"Calle de Orellana, 23, 21",150.16911437570124
Parroquia Santa Casilda,CALLE PARADOR DEL SOL 10,Bicipark Canalejas,-,2849.3125969808325
Parroquia Santa Catalina Labouré,CALLE ARROYO OPAÑEL 29,Bicipark Canalejas,-,3813.1365760392337
Parroquia Santa Catalina de Alejandría,CALLE RAMBLA 5,Bicipark Fuente de la Mora,Estación de Fuente de la Mora,6449.471392942852
Parroquia Santa Catalina de Siena,CALLE JUAN DE URBIETA 57,Bicipark Montalban,"Calle de Montalbán, 5",1762.337427280068
Parroquia Santa Cecilia,CALLE MEDINA DE POMAR 11,Bicipark Fuente de la Mora,Estación de Fuente de la Mora,7580.22330643525
Parroquia Santa Cristina,PASEO EXTREMADURA 32,Bicipark Canalejas,-,2457.819036763184
Parroquia Santa Cruz,CALLE ATOCHA 6,Bicipark Canalejas,-,606.894917925611
Parroquia Santa Elena,CALLE ORFILA 1,Bicipark Villa de Paris,"Calle de Orellana, 23, 21",205.8480816167693
Parroquia Santa Eugenia,CALLE VIRGEN DE LAS VI&amp;Ntilde;AS 15,Bicipark Montalban,"Calle de Montalbán, 5",8181.722829001373
Parroquia Santa Eulalia de Mérida,CALLE PEDROCHES 5,Bicipark Montalban,"Calle de Montalbán, 5",4625.2264216952935
Parroquia Santa Florentina,CALLE LONGARES 8,Bicipark Salamanca,Pl. del Marqués de Salamanca,5897.929075131383
Parroquia Santa Gema,CALLE LEIZARAN 24,Bicipark Orense,"Avenida General Perón, 27",1179.922801893536
Parroquia Santa Inés,AVENIDA REAL DE PINTO 72,Bicipark Aviación,Parking Aviación Española,7906.308798807955
Parroquia Santa Irene,CALLE ANDALUCES 1,Bicipark Montalban,"Calle de Montalbán, 5",5130.625549875927
Parroquia Santa Luisa de Marillac,AVENIDA ABRANTES 111,Bicipark Aviación,Parking Aviación Española,4543.74048473671
Parroquia Santa Maravillas de Jesús,CALLE MORALES 64,Bicipark Aviación,Parking Aviación Española,2861.742487595968
Parroquia Santa Margarita María de Alacoque,CALLE JAIME VERA 33,Bicipark Canalejas,-,2623.6728256260403
Parroquia Santa María Josefa del Corazón de Jesús,AVENIDA LA GAVIA 25,Bicipark Montalban,"Calle de Montalbán, 5",8404.097037582407
Parroquia Santa María La Antigua,CALLE VIRGEN DE LA ANTIGUA 9,Bicipark Salamanca,Pl. del Marqués de Salamanca,6996.582989014674
Parroquia Santa María Madre de la Iglesia,CALLE GOMEZ DE ARTECHE 30,Bicipark Aviación,Parking Aviación Española,2817.138185819601
Parroquia Santa María Magdalena,CALLE DRACENA 23,Bicipark Recuerdo,"Calle Hiedra, 26",1232.5573926231052
Parroquia Santa María Micaela y San Enrique,CALLE SAN GERMAN 23,Bicipark Orense,"Avenida General Perón, 27",445.24531306660737
Parroquia Santa María Personal de Habla Alemana,AVENIDA BURGOS 12,Bicipark Recuerdo,"Calle Hiedra, 26",310.28993450678524
Parroquia Santa María Soledad Torres Acosta,AVENIDA CAMINO DE SANTIAGO 35,Bicipark Fuente de la Mora,Estación de Fuente de la Mora,2449.2710291590643
Parroquia Santa María de Cervellón,CALLE BELISANA 2,Bicipark Recuerdo,"Calle Hiedra, 26",2488.1413091795907
Parroquia Santa María de Martala,CALLE FOBOS 2,Bicipark Salamanca,Pl. del Marqués de Salamanca,4463.618548914085
Parroquia Santa María de Nazaret,CALLE CAÑADA DEL SANTISIMO 27,Bicipark Montalban,"Calle de Montalbán, 5",9820.52038220185
Parroquia Santa María de la Caridad,CALLE FERMIN CABALLERO 39,Bicipark Pitis,"Calle Pau Arroyo del Fresno, 181",2121.6980028500534
Parroquia Santa María de la Esperanza,CALLE FERMIN CABALLERO 53,Bicipark Pitis,"Calle Pau Arroyo del Fresno, 181",2016.0009371567344
Parroquia Santa María de la Fe,CALLE PUERTO DE MASPALOMAS 16,Bicipark Pitis,"Calle Pau Arroyo del Fresno, 181",2117.9754705306
Parroquia Santa María del Bosque,CALLE MANUEL URIBE 1,Bicipark Recuerdo,"Calle Hiedra, 26",1501.2109756364289
Parroquia Santa María del Buen Aire,CALLE ENCOMIENDA DE PALACIOS 192,Bicipark Montalban,"Calle de Montalbán, 5",4662.040687925457
Parroquia Santa María del Camino,CALLE ENCOMIENDA DE PALACIOS 334,Bicipark Salamanca,Pl. del Marqués de Salamanca,5313.679486285949
Parroquia Santa María del Monte Carmelo,CALLE AYALA 35,Bicipark Salamanca,Pl. del Marqués de Salamanca,450.80680498253946
Parroquia Santa María del Parque,CALLE SANTA VIRGILIA 13,Bicipark Fuente de la Mora,Estación de Fuente de la Mora,1953.1354802326432
Parroquia Santa María del Pilar,CALLE REYES MAGOS 3,Bicipark Montalban,"Calle de Montalbán, 5",1561.3440008059217
Parroquia Santa María del Pinar,CALLE JAZMIN 7,Bicipark Fuente de la Mora,Estación de Fuente de la Mora,719.67966657778
Parroquia Santa María del Pozo y Santa Marta,CALLE MONTANCHEZ 13,Bicipark Montalban,"Calle de Montalbán, 5",5175.344041003826
Parroquia Santa María del Silencio,CALLE RAIMUNDO FERNANDEZ VILLAVERDE 18,Bicipark Orense,"Avenida General Perón, 27",943.4986579947861
Parroquia Santa María del Val,AVENIDA MONFORTE DE LEMOS 115,Bicipark Pitis,"Calle Pau Arroyo del Fresno, 181",2400.527623068842
Parroquia Santa María la Blanca,PLAZA VILLA DE CANILLEJAS 1,Bicipark Salamanca,Pl. del Marqués de Salamanca,5993.945366778105
Parroquia Santa María la Blanca de Montecarmelo,CALLE MONASTERIO DE OSEIRA 25,Bicipark Pitis,"Calle Pau Arroyo del Fresno, 181",3042.8821467506114
Parroquia Santa María la Mayor y San Julián,CALLE CENICIENTOS 1,Bicipark Orense,"Avenida General Perón, 27",1111.393122374939
Parroquia Santa María la Real de la Almudena,CALLE MAYOR 90,Bicipark Canalejas,-,1286.168486067082
Parroquia Santa Matilde,CALLE LOPEZ DE HOYOS 166,Bicipark Salamanca,Pl. del Marqués de Salamanca,1946.056156973847
Parroquia Santa Mónica,CALLE PRINCIPE DE VERGARA 87,Bicipark Salamanca,Pl. del Marqués de Salamanca,663.367278666256
Parroquia Santa Paula,CARRETERA CANILLAS 115 B,Bicipark Fuente de la Mora,Estación de Fuente de la Mora,2861.639254007912
Parroquia Santa Rita,CALLE GAZTAMBIDE 75,Bicipark Almagro,"Calle Almagro, 11",2110.0819419480317
Parroquia Santa Rosa de Lima,CALLE VIA CARPETANA 47,Bicipark Canalejas,-,3576.9397541865637
Parroquia Santa Rosalía,CALLE LAS PEDROÑERAS 13,Bicipark Fuente de la Mora,Estación de Fuente de la Mora,3430.345083694852
Parroquia Santa Teresa Benedicta de la Cruz,CALLE SENDA DEL INFANTE 22,Bicipark Pitis,"Calle Pau Arroyo del Fresno, 181",822.4269688528724
Parroquia Santa Teresa de Calcuta,CALLE MINERVA 58,Bicipark Salamanca,Pl. del Marqués de Salamanca,7231.510011290651
Parroquia Santa Teresa y Santa Isabel,GLORIETA PINTOR SOROLLA 2,Bicipark Almagro,"Calle Almagro, 11",746.8429610905876
Parroquia Santa Ángela de la Cruz,CALLE CESAR MANRIQUE 7,Bicipark Pitis,"Calle Pau Arroyo del Fresno, 181",2614.9665783715786
Parroquia Santas Justa y Rufina.,CALLE SANTA AUREA 7,Bicipark Canalejas,-,3226.7124053928483
Parroquia Santas Perpetua y Felicidad,CALLE SANTA FELICIDAD 1,Bicipark Salamanca,Pl. del Marqués de Salamanca,2508.6539402260796
Parroquia Santiago el Mayor y Nuestra Señora de las Cruces,CALLE SANTA CRUZ DE MARCENADO 11 PLANTA BAJO,Bicipark Villa de Paris,"Calle de Orellana, 23, 21",1304.8407416849243
Parroquia Santiago y San Juan Bautista,PLAZA SANTIAGO 24,Bicipark Canalejas,-,976.271397521429
Parroquia Santo Cristo de la Misericordia,CALLE NUMANCIA 8,Bicipark Orense,"Avenida General Perón, 27",1552.2575318113543
Parroquia Santo Cristo del Olivar,CALLE CAÑIZARES 4,Bicipark Canalejas,-,554.0397816796683
Parroquia Santo Domingo Savio,CALLE SANTO DOMINGO SAVIO 2,Bicipark Salamanca,Pl. del Marqués de Salamanca,3806.762537261117
Parroquia Santo Domingo de Guzmán,CALLE CAMARENA 183,Bicipark Aviación,Parking Aviación Española,2475.017801976292
Parroquia Santo Domingo de la Calzada,CAÑADA REAL GALIANA 17,Bicipark Salamanca,Pl. del Marqués de Salamanca,12683.950226974048
Parroquia Santo Niño de Cebu,CALLE LUCIO DEL VALLE 4,Bicipark Almagro,"Calle Almagro, 11",1647.447699832283
Parroquia Santo Tomás Apóstol,CALLE PORTUGALETE 2,Bicipark Salamanca,Pl. del Marqués de Salamanca,3672.4263473472843
Parroquia Santo Tomás de Villanueva,CALLE LEONESES 6,Bicipark Montalban,"Calle de Montalbán, 5",5390.148647869173
Parroquia Santos Apóstoles Felipe y Santiago el Menor,CALLE POETA BLAS DE OTERO 79,Bicipark Salamanca,Pl. del Marqués de Salamanca,2485.9311104292224
Parroquia Santos Cosme y Damián,CALLE RAMIREZ TOME 22,Bicipark Montalban,"Calle de Montalbán, 5",4786.101491727772
Parroquia Santos Inocentes,CALLE EMBAJADORES 209,Bicipark Montalban,"Calle de Montalbán, 5",3445.7489751262783
Parroquia Santísima Trinidad,CALLE MARTINEZ VILLERGAS 8,Bicipark Salamanca,Pl. del Marqués de Salamanca,2521.483311919454
Parroquia Santísimo Cristo de la Esperanza,CALLE MISTERIOS 38,Bicipark Salamanca,Pl. del Marqués de Salamanca,3345.9935844016068
Parroquia Santísimo Cristo de la Guía - San Juan de Sahagún,CAMINO VIEJO DE VICALVARO 18,Bicipark Salamanca,Pl. del Marqués de Salamanca,6065.730677361804
Parroquia Santísimo Cristo de la Salud,CALLE AYALA 12,Bicipark Almagro,"Calle Almagro, 11",489.74039492227564
Parroquia Santísimo Cristo de la Victoria,CALLE BLASCO DE GARAY 33,Bicipark Almagro,"Calle Almagro, 11",1634.1008618625544
Parroquia Santísimo Cristo del Amor,CALLE RAFAEL FINAT 46,Bicipark Aviación,Parking Aviación Española,1197.3442437656497
Parroquia Santísimo Redentor,CALLE FELIX BOIX 13,Bicipark Recuerdo,"Calle Hiedra, 26",1173.363293419963
Parroquia Santísimo Sacramento,CALLE ALCALDE SAINZ DE BARANDA 3 BIS,Bicipark Montalban,"Calle de Montalbán, 5",1130.487056878974
Parroquia Transfiguración del Señor,CALLE ISABELITA USERA 34,Bicipark Canalejas,-,3877.8500498044705
Parroquia Virgen Peregrina,CALLE DIEGO DE LEON 36,Bicipark Salamanca,Pl. del Marqués de Salamanca,513.6425390921426
Parroquia Virgen de La Candelaria,PLAZA NUESTRA SEÑORA DE LA CANDELARIA 1,Bicipark Salamanca,Pl. del Marqués de Salamanca,5522.363068098661
Parroquia Virgen de La Fuensanta,CALLE SAN FILIBERTO 9,Bicipark Canalejas,-,3787.3091695748403
Parroquia Virgen de La Nueva,CALLE CALANDA 28,Bicipark Fuente de la Mora,Estación de Fuente de la Mora,3059.0021786038974
Parroquia Virgen de La Oliva,CALLE CASTILLO DE SIMANCAS 1,Bicipark Salamanca,Pl. del Marqués de Salamanca,4411.603848836491
Parroquia Virgen de La Paloma y San Pedro el Real,CALLE TOLEDO 98,Bicipark Canalejas,-,1456.5965353244387
Parroquia Virgen de La Providencia y San Cayetano,CALLE FERRER DEL RIO 18,Bicipark Salamanca,Pl. del Marqués de Salamanca,770.9878558968887
Parroquia Virgen de Lluc,CALLE VIRGEN DEL SAGRARIO 22,Bicipark Salamanca,Pl. del Marqués de Salamanca,2640.6947864397225
Parroquia Virgen de Los Llanos,PLAZA VIRGEN DE LOS LLANOS 1,Bicipark Aviación,Parking Aviación Española,776.4647557584066
Parroquia Virgen de Los Remedios,CALLE TOMASA RUIZ 8,Bicipark Canalejas,-,2612.2617365026904
Parroquia Virgen del Castillo,AVENIDA SAN LUIS 42,Bicipark Fuente de la Mora,Estación de Fuente de la Mora,1645.003459347549
Parroquia Virgen del Coro,CALLE VIRGEN DE LA ALEGRIA 12,Bicipark Salamanca,Pl. del Marqués de Salamanca,1951.0206378269097
Parroquia Virgen del Cortijo,CALLE O&amp;Ntilde;A 91 B,Bicipark Fuente de la Mora,Estación de Fuente de la Mora,352.8754128247981
Parroquia Virgen del Mar,CALLE PEONES 3,Bicipark Salamanca,Pl. del Marqués de Salamanca,5249.346380403123
Parroquia Virgen del Refugio y Santa Lucía,CALLE MANRESA 60,Bicipark Recuerdo,"Calle Hiedra, 26",2522.9211902961683
Parroquia Visitación de Nuestra Señora,CALLE PICO DE LOS ARTILLEROS 82,Bicipark Salamanca,Pl. del Marqués de Salamanca,4187.149453974717
Parroquia de la Armada de Nuestra Señora del Carmen,CALLE SERRANO GALVACHE 7,Bicipark Recuerdo,"Calle Hiedra, 26",851.5211305138466
Primer Monasterio de la Visitación (Las Salesas),CALLE SANTA ENGRACIA 20,Bicipark Almagro,"Calle Almagro, 11",306.6954680704539
Real Basílica Nuestra Señora de Atocha,CALLE JULIAN GAYARRE 1,Bicipark Montalban,"Calle de Montalbán, 5",1519.9114710328467
Real Basílica San Francisco el Grande,CALLE SAN BUENAVENTURA 1,Bicipark Canalejas,-,1492.4679227661402
Real Monasterio de Santa Isabel,CALLE SANTA ISABEL 48,Bicipark Canalejas,-,965.4850581720048
Real Monasterio de la Encarnación,PLAZA ENCARNACION 1,Bicipark Canalejas,-,1048.7094549753722
Real Monasterio de las Descalzas Reales,PLAZA DESCALZAS 3,Bicipark Canalejas,-,575.1661792655665
Real Oratorio del Caballero de Gracia,CALLE GRAN VIA 17 B,Bicipark Canalejas,-,246.4234474322641
Santuario Nuestra Señora de Schönstatt,CALLE SERRANO 97,Bicipark Almagro,"Calle Almagro, 11",1044.6762980173053
Santuario Nuestra Señora de los Peligros,CALLE JOAQUIN COSTA 49,Bicipark Salamanca,Pl. del Marqués de Salamanca,1349.632127536505
Segundo Monasterio de la Visitación (Las Salesas),CALLE SAN BERNARDO 72,Bicipark Villa de Paris,"Calle de Orellana, 23, 21",1080.387322659775
Templo Eucarístico de San Martín de Tours,CALLE DESENGA&amp;Ntilde;O 26,Bicipark Canalejas,-,580.5510200563032
Tercer Monasterio de la Visitación (Servidoras del Señor y de la Virgen de Matará),PASEO SAN FRANCISCO DE SALES 48,Bicipark Orense,"Avenida General Perón, 27",1767.9205550278446
